Сотовый телефон Xiaomi 12 12/256GB серый,/images/product/105229/1649419306_24235400.jpg,"

 50360 сом
-5%

47740 сом
"
Сотовый телефон Xiaomi Redmi Note 11 Pro 4G 6/64GB серый,/images/product/105234/1649421144_46769300.jpg,"

 18630 сом
-1%

18370 сом
"
Сотовый телефон Xiaomi Redmi Note 10S 6/128GB черный,/images/product/93209/1622210076_99878100.jpg,"

 15170 сом
-2%

14910 сом
"
Сотовый телефон Xiaomi Poco X4 GT 5G 8/128GB голубой,/images/product/114506/1669627205_22550400.jpg,"
26530 сом
"
Сотовый телефон Samsung A04e 3/64GB черный,/images/product/115276/1671509712_46128700.jpg,"
9940 сом
"
Сотовый телефон Samsung A04e 3/64GB голубой,/images/product/115277/1671509715_27486800.jpg,"
9940 сом
"
Сотовый телефон Samsung A04e 3/64GB медный,/images/product/115278/1671509720_02356400.jpg,"
9940 сом
"
Сотовый телефон Xiaomi Poco M5 4/128GB желтый,/images/product/115279/1671510549_41357400.jpg,"
13500 сом
"
Сотовый телефон Xiaomi Poco M5 4/128GB зеленый,/images/product/115280/1671510552_67112300.jpg,"
13500 сом
"
Сотовый телефон Samsung A04e 3/32GB черный,/images/product/115281/1671517415_62744800.jpg,"
9060 сом
"
Сотовый телефон Samsung Galaxy A04s 4/64GB черный,/images/product/112987/1667078708_09449600.jpg,"
11660 сом
"
Сотовый телефон Samsung Galaxy A04s 4/64GB белый,/images/product/112988/1667078711_58657400.jpg,"
11660 сом
"
Сотовый телефон Samsung Galaxy A04s 4/64GB зеленый,/images/product/112989/1667078714_93759800.jpg,"
11660 сом
"
Сотовый телефон Samsung Galaxy A04s 4/64GB медный,/images/product/112990/1667078719_97190500.jpg,"
11660 сом
"
Сотовый телефон Xiaomi Redmi Note 10S 6/64GB черный,/images/product/93290/1622501264_72553400.jpg,"

 14230 сом
-2%

13950 сом
"
Сотовый телефон Xiaomi Redmi Note 11S 5G 6/128GB черный,/images/product/113772/1668356813_17959500.png,"
19800 сом
"
Сотовый телефон Samsung Galaxy A03 4/64GB черный,/images/product/104319/1647473798_95365200.jpg,"

 11390 сом
-11%

10110 сом
"
Сотовый телефон Xiaomi Redmi 9A 2/32GB серый гранит,/images/product/81820/1595752437_69165100.jpg,"

 7730 сом
-2%

7540 сом
"
Сотовый телефон Xiaomi Poco M5 4/64GB черный,/images/product/113315/1667740770_40977600.jpg,"
12330 сом
"
Сотовый телефон Xiaomi Redmi Note 10 Pro 6/128GB серый,/images/product/91054/1667280142_09322500.jpg,"
18010 сом
"
